ID,SMILES,0.0.1uM_threshold,1.0uM_threshold,1.00uM_threshold,1.000uM_threshold
210,CC1=CC(=O)c2c(O)cccc2C1=O,0.0,0.0,0.0,1.0
136,COC(=O)CCCc1nc(-c2ccc(Cl)c(Cl)c2)no1,0.0,0.0,0.0,1.0
155,O=C(O)CCCc1nc(-c2ccc(Cl)cc2)no1,0.0,0.0,0.0,0.0
165,COc1ccc(-c2noc(CCC(=O)O)n2)cc1,0.0,0.0,0.0,0.0
148,O=C(O)CCc1nc(-c2ccc(Cl)cc2)no1,0.0,0.0,0.0,0.0
99,[O-][n+]1cccc(CNc2nccc(Nc3ccc(-c4ccccc4)cc3)n2)c1,0.0,0.0,1.0,1.0
164,Cc1ccccc1-c1noc(CCC(=O)O)n1,0.0,0.0,0.0,0.0
91,C=C(C)[C@H]1CC(=O)[C@]2(C)O[C@@H]2C1,0.0,0.0,0.0,0.0
179,COc1ccc(-c2noc(CCCC(=O)O)n2)cc1,0.0,0.0,0.0,0.0
182,COc1ccc(-c2noc(CCCC(=O)[O-])n2)cc1,0.0,0.0,0.0,0.0
151,COC(=O)CCc1nc(-c2ccccc2)no1,0.0,0.0,0.0,0.0
364,Fc1cc(F)c2c(c1)[C@@H]1C=CC[C@@H]1[C@H](c1ccc(CNCc3ccc(C(F)(F)F)cc3)cc1)N2,0.0,0.0,0.0,0.0
5,N#Cc1nn(-c2c(Cl)cc(C(F)(F)F)cc2Cl)c(N)c1[S+]([O-])C(F)(F)F,1.0,1.0,1.0,1.0
138,O=C([O-])CCCc1nc(-c2ccc(Br)cc2)no1,0.0,0.0,0.0,1.0
162,O=C(O)Cc1nc(-c2ccc(Br)cc2)no1,0.0,0.0,0.0,0.0
32,CCOCn1c(-c2ccc(Cl)cc2)c(C#N)c(Br)c1C(F)(F)F,0.0,0.0,1.0,1.0
174,Cc1ccc(-c2noc(CC(=O)O)n2)cc1,0.0,0.0,0.0,0.0
171,O=C(O)CCc1cc(-c2ccccc2)no1,0.0,0.0,0.0,0.0
181,O=C(O)Cc1nc(-c2ccccc2)no1,0.0,0.0,0.0,0.0
58,O=C1C(Cl)=C(N2CCOCC2)C(=O)c2ccccc21,0.0,0.0,0.0,1.0
212,CC1=CC(=O)c2c(ccc(O)c2O)C1=O,0.0,0.0,0.0,1.0
158,COC(=O)CCCc1nc(-c2ccccc2)no1,0.0,0.0,0.0,0.0
156,O=C(O)Cc1nc(-c2ccc(Cl)cc2)no1,0.0,0.0,0.0,0.0
54,CC(C)=CCC1=C(O)C(=O)c2ccccc2C1=O,0.0,0.0,0.0,1.0
169,Cc1cccc(-c2noc(CCCC(=O)[O-])n2)c1,0.0,0.0,0.0,0.0
140,O=C(O)CCc1nc(-c2ccc(Br)cc2)no1,0.0,0.0,0.0,1.0
180,OCCCc1cc(-c2ccccc2)no1,0.0,0.0,0.0,0.0
464,COC(C)(C)CCCC(C)CC=CC(C)=CC(=O)OC1CCC1,1.0,1.0,1.0,1.0
157,O=C(O)CCc1nc(-c2ccc([N+](=O)[O-])cc2)no1,0.0,0.0,0.0,0.0
7,CC(COc1ccc(Oc2ccccc2)cc1)Oc1ccccn1,0.0,0.0,1.0,1.0
161,Cc1ccc(-c2noc(CCC(=O)O)n2)cc1,0.0,0.0,0.0,0.0
177,O=C(O)CCc1nc(-c2ccccc2)no1,0.0,0.0,0.0,0.0
142,O=C([O-])CCCc1nc(-c2ccc(I)cc2)no1,0.0,0.0,0.0,1.0
258,C=CCc1cc(OC)c(O[C@@H](C)Cc2cc(OC)c(OC)c(OC)c2)c(OC)c1,0.0,0.0,0.0,0.0
176,O=C([O-])CCCc1nc(-c2ccccc2)no1,0.0,0.0,0.0,0.0
137,O=C(O)CCCc1nc(-c2ccc(Br)cc2)no1,0.0,0.0,0.0,1.0
42,O=C1C=CC(=O)c2ccccc21,0.0,0.0,0.0,1.0
217,C=C(C(=O)OC)C(O)c1ccc(-c2ccccc2)cc1,0.0,0.0,0.0,0.0
395,CC1=CC[C@@H]2[C@@H](C1)C2(C)C,0.0,0.0,0.0,0.0
96,Cc1ccc(N(C(=N)N(C)c2ccc(C)c(C)c2)c2ccc(C)c(C)c2)cc1,0.0,0.0,0.0,0.0
95,C=C(C)C1CCC2(C)OC2C1,0.0,0.0,0.0,0.0
139,COC(=O)CCc1cc(-c2ccccc2)no1,0.0,0.0,0.0,1.0
141,O=C(O)CCCc1nc(-c2ccc(I)cc2)no1,0.0,0.0,0.0,1.0
100,c1ccc(-c2ccc(Nc3ccnc(NCc4cccnc4)n3)cc2)cc1,0.0,0.0,1.0,1.0
178,CC(=O)CCc1nc(-c2ccccc2)no1,0.0,0.0,0.0,0.0
168,Cc1cccc(-c2noc(CCCC(=O)O)n2)c1,0.0,0.0,0.0,0.0
215,COC1=C(C)C(=O)c2cccc(O)c2C1=O,0.0,0.0,0.0,0.0
154,O=C([O-])CCCc1nc(-c2ccc(Cl)cc2)no1,0.0,0.0,0.0,0.0
19,CC1(C)CN=C(NN=C(C=Cc2ccc(C(F)(F)F)cc2)C=Cc2ccc(C(F)(F)F)cc2)NC1,0.0,1.0,1.0,1.0
160,Cc1cccc(-c2noc(CCC(=O)O)n2)c1,0.0,0.0,0.0,0.0
170,O=C(O)CCc1nc(-c2ccc(F)cc2)no1,0.0,0.0,0.0,0.0
89,CC1=CCC2C(C1)C2(C)C,0.0,0.0,0.0,0.0
175,O=C(O)CCCc1nc(-c2ccccc2)no1,0.0,0.0,0.0,0.0
126,CO[C@H]1C[C@H](O[C@H]2[C@H](C)O[C@@H](O[C@@H]3/C(C)=C/C[C@@H]4C[C@@H](C[C@]5(C=C[C@H](C)[C@@H](C(C)C)O5)O4)OC(=O)[C@@H]4C=C(C)[C@@H](O)[C@H]5OC/C(=C\C=C\[C@@H]3C)[C@]54O)C[C@@H]2OC)O[C@@H](C)[C@@H]1O,1.0,1.0,1.0,1.0
407,C=C(C)[C@@H]1CC[C@@]2(C)O[C@@H]2C1,0.0,0.0,0.0,0.0
